id,title,description,link,image_link,price,sale_price,availability,condition,brand,google_product_category,custom_label_0
RSP-020,法式自然風花束｜蔚藍花園,蔚藍花園法式自然風花束，精選淺粉、奶白、暖黃奧斯汀玫瑰、藍色飛燕草、柔粉鐵筷子、洋甘菊、尤加利與薄荷，自然野趣手扎風格，散發淡雅清新氣息。香港花店匠心製作，全港鮮花速遞，適合送給摯友、戀人或長輩，承載溫柔純潔的祝福。,https://www.royalspl.shop/product-detail.html?id=21,https://www.royalspl.shop/assets/products/21.webp,980.00 HKD,,in stock,new,RoyalSpl Florist,Fresh Flowers,鮮花
RSP-021,紫霧蜜桃 鮮花花束｜香港花店速遞,紫霧蜜桃法式自然風花束，精選蜜桃色玫瑰、淡紫飛燕草、柔粉鐵筷子、洋甘菊、尤加利葉與蕾絲花，自然森系設計溫柔雅致。香港花店匠心製作，新鮮進口花材直送，全港鮮花速遞，適合贈送母親、閨蜜或用於生日、紀念日場合，承載溫柔祝福。,https://www.royalspl.shop/product-detail.html?id=22,https://www.royalspl.shop/assets/products/22.webp,1080.00 HKD,,in stock,new,RoyalSpl Florist,Fresh Flowers,鮮花
RSP-022,霧藍風鈴 鮮花花束｜香港花店速遞,霧藍風鈴法式自然風花束，精選風鈴花、星芹、洋甘菊、尤加利、薄荷與蕨葉，清新自然森系風格。霧藍色包裝紙包裹，簡約療癒。香港花店匠心製作，新鮮花材直送，全港鮮花速遞，適合送予摯友、長輩，生日、紀念日傳遞溫柔純潔的心意。,https://www.royalspl.shop/product-detail.html?id=23,https://www.royalspl.shop/assets/products/23.webp,1180.00 HKD,,in stock,new,RoyalSpl Florist,Fresh Flowers,鮮花
RSP-023,蜜桃蕾絲 鮮花花束｜香港花店速遞,蜜桃蕾絲法式田園風花束，精選香檳色Juliet庭園玫瑰、復古粉玫瑰、小白菊與蕾絲花，螺旋結構露出花腳的法式標準工藝。炭灰色防水棉紙包裹，低調優雅。香港花店RoyalSpl Florist匠心製作，新鮮進口花材直送，全港鮮花速遞，適合情人節、生日、紀念日送禮。,https://www.royalspl.shop/product-detail.html?id=24,https://www.royalspl.shop/assets/products/24.webp,1280.00 HKD,,in stock,new,RoyalSpl Florist,Fresh Flowers,鮮花
RSP-024,裸粉晨曦 鮮花花束｜香港花店速遞,裸粉晨曦法式自然風花束，精選淺藍飛燕草、桃色與白色風鈴草、洋甘菊、尤加利葉與蕨類，輕盈空氣感如晨曦初露。莫蘭迪霧面灰藍藝術紙包裝，深灰絲絨絲帶，優雅動人。香港花店匠心製作，全港鮮花速遞，適合生日、紀念日、家居擺設。,https://www.royalspl.shop/product-detail.html?id=25,https://www.royalspl.shop/assets/products/25.webp,1080.00 HKD,,in stock,new,RoyalSpl Florist,Fresh Flowers,鮮花
RSP-025,法式田園・復古花語 鮮花花束｜香港花店速遞,法式田園復古花語花束，精選珊瑚橘庭園玫瑰、奶油白玫瑰、風鈴草、蕾絲花與鼠尾草綠葉材，不與百花爭豔，僅以隨性與生機訴說復古恬靜。焦糖色與炭灰色包裝，南法田園風情。香港花店匠心製作，全港鮮花速遞，適合生日、喬遷、商務送禮。,https://www.royalspl.shop/product-detail.html?id=26,https://www.royalspl.shop/assets/products/26.webp,1380.00 HKD,,in stock,new,RoyalSpl Florist,Fresh Flowers,鮮花
RSP-026,法式田園・復古灰紫花語,法式田園復古灰紫花語花束，精選莫蘭迪灰紫玫瑰、奶油白玫瑰、風鈴草與小白菊，低調奢華的色彩如莫內畫作般溫柔。炭灰色與銀灰色霧面包裝，營造復古藝術感。香港花店匠心製作，進口花材新鮮直送，全港鮮花速遞，適合情人節、紀念日、求婚送禮。,https://www.royalspl.shop/product-detail.html?id=27,https://www.royalspl.shop/assets/products/27.webp,1380.00 HKD,,in stock,new,RoyalSpl Florist,Fresh Flowers,鮮花
RSP-027,法式鄉村・晨曦物語 鮮花花束｜香港花店速遞,法式鄉村晨曦物語花束，精選Juliet庭園玫瑰、奶油白陸蓮花、小白菊與尤加利葉，隨性自然的線條營造田園清晨的恬靜氛圍。炭灰色防水棉紙包裹，燕麥色粗麻布絲帶，復古優雅。香港花店RoyalSpl Florist匠心製作，全港鮮花速遞，適合生日、母親節、探病送禮。,https://www.royalspl.shop/product-detail.html?id=28,https://www.royalspl.shop/assets/products/28.webp,1280.00 HKD,,in stock,new,RoyalSpl Florist,Fresh Flowers,鮮花
RSP-028,法式田園・晨曦物語 鮮花花束｜香港花店速遞,法式田園晨曦物語花束，精選深紅Juliet庭園玫瑰、白色洋桔梗、風鈴草與蕾絲花，在晨光中綻放溫柔與熱情。鼠尾草綠與焦糖色包裝，營造南法鄉村田園氛圍。香港花店匠心製作，新鮮進口花材直送，全港鮮花速遞，適合求婚、紀念日、生日送禮。,https://www.royalspl.shop/product-detail.html?id=29,https://www.royalspl.shop/assets/products/29.webp,1380.00 HKD,,in stock,new,RoyalSpl Florist,Fresh Flowers,鮮花
RSP-030,晨霧幽蘭花束 鮮花花束｜香港花店速遞,晨霧幽蘭法式田園風花束，精選莫蘭迪灰紫玫瑰、奶油白陸蓮花、鼠尾草綠葉材與小白菊，交織出晨曦薄霧般的靜謐美感。炭灰色防水棉紙包裹，焦糖色絲帶點綴，低調奢華。香港花店RoyalSpl Florist匠心製作，全港鮮花速遞，適合生日、情人節、紀念日送禮。,https://www.royalspl.shop/product-detail.html?id=31,https://www.royalspl.shop/assets/products/31.webp,1180.00 HKD,,in stock,new,RoyalSpl Florist,Fresh Flowers,鮮花
RSP-031,法式蜜桃鮮花 鮮花花束｜香港花店速遞,法式自然風花束，精選庭園玫瑰（香檳 / 復古粉）、白色洋桔梗、蕾絲花與尤加利葉，交織出不規則生長線條與輕盈空氣感。燕麥色原色棉麻布包裹，搭配手撕毛邊真絲絲帶，低調優雅。香港花店匠心製作，全港鮮花速遞，適合生日、情人節、紀念日送禮。,https://www.royalspl.shop/product-detail.html?id=32,https://www.royalspl.shop/assets/products/32.webp,1380.00 HKD,,preorder,new,RoyalSpl Florist,Fresh Flowers,鮮花
RSP-032,深紅薰衣草 鮮花花束｜香港花店速遞,法式田園自然風，將晨曦初露的氣息吹入這炭灰色包裹之中。Juliet 玫瑰是時光沉澱出的深紅守候，奶油陸蓮花是最初的溫柔，薰衣草在晨風中低語，小白菊與蕾絲花語是散落的無憂脈絡。香港花店匠心製作，全港鮮花速遞，這不爭豔，僅以隨性與生機訴說一段復古而恬靜的守候時光。,https://www.royalspl.shop/product-detail.html?id=33,https://www.royalspl.shop/assets/products/33.webp,1380.00 HKD,,preorder,new,RoyalSpl Florist,Fresh Flowers,鮮花
RSP-033,灰紫香檳 鮮花花束｜香港花店速遞,法式自然風紫玫瑰花束，精選莫蘭迪灰紫玫瑰（暗戀情人）與奶油白玫瑰（雲賞），搭配小紫菊、尤加利葉、蕨類、紫羅蘭與蕾絲花。焦糖色配霧面炭灰防水棉紙包裝，燕麥色粗麻布毛邊絲帶，低調奢華。香港花店匠心製作，全港速遞，適合生日、情人節、求婚送禮。,https://www.royalspl.shop/product-detail.html?id=34,https://www.royalspl.shop/assets/products/34.webp,1280.00 HKD,,preorder,new,RoyalSpl Florist,Fresh Flowers,鮮花
RSP-101,星光 · 進口粉芍藥鬱金香鮮花束,星光 · 進口粉芍藥鬱金香鮮花束，精選進口粉芍藥，鬱金香，配花，香港 RoyalSpl Florist 匠心製作。芍藥花語「富貴與美麗」，花瓣層層疊疊如絲綢般柔軟，散發層次豐富。適合生日、紀念日、母親節、探病等重要場合。預訂3天，新鮮進口花材直送香港，免費附送心意卡。,https://www.royalspl.shop/product-detail.html?id=144,https://www.royalspl.shop/assets/products/144.webp,1090.00 HKD,,in stock,new,RoyalSpl Florist,Fresh Flowers,鮮花
RSP-102,雪影 · 粉芍藥玫瑰花束,雪影 · 粉芍藥玫瑰花束，精選粉芍藥，玫瑰，配花，香港 RoyalSpl Florist 匠心製作。芍藥花語「富貴與美麗」，花瓣層層疊疊如絲綢般柔軟，散發層次豐富。高約60cm 寬約55cm，適合生日、紀念日、母親節、探病等重要場合。預訂3天，新鮮進口花材直送香港，免費附送心意卡。,https://www.royalspl.shop/product-detail.html?id=145,https://www.royalspl.shop/assets/products/145.webp,980.00 HKD,,in stock,new,RoyalSpl Florist,Fresh Flowers,鮮花
RSP-103,白芍雅集 · 進口白芍藥配花束,白芍雅集 · 進口白芍藥配花束，精選5枝白芍藥，5-6種配花，香港 RoyalSpl Florist 匠心製作。芍藥花語「富貴與美麗」，花瓣層層疊疊如絲綢般柔軟，散發清新淡雅。適合生日、紀念日、母親節、探病等重要場合。新鮮進口花材直送香港，免費附送心意卡。,https://www.royalspl.shop/product-detail.html?id=146,https://www.royalspl.shop/assets/products/146.webp,998.00 HKD,,in stock,new,RoyalSpl Florist,Fresh Flowers,鮮花
RSP-104,綺夢 · 進口芍藥牡丹鮮花束,綺夢 · 進口芍藥牡丹鮮花束，精選進口芍藥，牡丹，配花，香港 RoyalSpl Florist 匠心製作。芍藥花語「富貴與美麗」，花瓣層層疊疊如絲綢般柔軟，散發淡雅花香。高約50cm 寬約45cm，適合生日、紀念日、母親節、探病等重要場合。新鮮進口花材直送香港，免費附送心意卡。,https://www.royalspl.shop/product-detail.html?id=147,https://www.royalspl.shop/assets/products/147.webp,980.00 HKD,,in stock,new,RoyalSpl Florist,Fresh Flowers,鮮花
RSP-105,帝王芍 · 9枝大朵芍藥鮮花束,帝王芍 · 9枝大朵芍藥鮮花束，精選9枝大朵芍藥，配花，香港 RoyalSpl Florist 匠心製作。芍藥花語「富貴與美麗」，花瓣層層疊疊如絲綢般柔軟，散發淡雅花香。適合生日、紀念日、母親節、探病等重要場合。新鮮進口花材直送香港，免費附送心意卡。,https://www.royalspl.shop/product-detail.html?id=148,https://www.royalspl.shop/assets/products/148.webp,980.00 HKD,,in stock,new,RoyalSpl Florist,Fresh Flowers,鮮花
RSP-106,鬱金香頌 · 進口鬱金香粉玫瑰鮮花束,鬱金香頌 · 進口鬱金香粉玫瑰鮮花束，精選進口鬱金香，粉玫瑰，配花，香港 RoyalSpl Florist 匠心製作。玫瑰花語「熱情與愛情」，花瓣飽滿層次豐富，散發淡雅花香。適合生日、紀念日、情人節、求婚等重要場合。預訂3天，新鮮進口花材直送香港，免費附送心意卡。,https://www.royalspl.shop/product-detail.html?id=149,https://www.royalspl.shop/assets/products/149.webp,980.00 HKD,,preorder,new,RoyalSpl Florist,Fresh Flowers,鮮花
RSP-107,熱戀紅玫 · 進口弗洛伊德紅玫瑰20枝,熱戀紅玫 · 進口弗洛伊德紅玫瑰20枝，精選進口弗洛伊德玫瑰10枝，紅多頭玫瑰10枝，配花，香港 RoyalSpl Florist 匠心製作。玫瑰花語「熱情與愛情」，花瓣飽滿層次豐富，散發濃郁玫瑰香。適合生日、紀念日、情人節、求婚等重要場合。預訂3天，新鮮進口花材直送香港，免費附送心意卡。,https://www.royalspl.shop/product-detail.html?id=150,https://www.royalspl.shop/assets/products/150.webp,980.00 HKD,,preorder,new,RoyalSpl Florist,Fresh Flowers,鮮花
RSP-108,弗洛伊德之夢 · 進口玫瑰20枝花束,弗洛伊德之夢 · 進口玫瑰20枝花束，精選進口弗洛伊德玫瑰20枝，配花隨機，香港 RoyalSpl Florist 匠心製作。玫瑰花語「熱情與愛情」，花瓣飽滿層次豐富，散發濃郁玫瑰香。適合生日、紀念日、情人節、求婚等重要場合。預訂3天，新鮮進口花材直送香港，免費附送心意卡。,https://www.royalspl.shop/product-detail.html?id=151,https://www.royalspl.shop/assets/products/151.webp,1390.00 HKD,,preorder,new,RoyalSpl Florist,Fresh Flowers,鮮花
RSP-109,厄瓜多爾之戀 · 進口弗洛伊德玫瑰10枝,厄瓜多爾之戀 · 進口弗洛伊德玫瑰10枝，精選進口厄瓜多爾弗洛伊德玫瑰10枝，配花隨機，香港 RoyalSpl Florist 匠心製作。玫瑰花語「熱情與愛情」，花瓣飽滿層次豐富，散發濃郁玫瑰香。適合生日、紀念日、情人節、求婚等重要場合。預訂3天，新鮮進口花材直送香港，免費附送心意卡。,https://www.royalspl.shop/product-detail.html?id=152,https://www.royalspl.shop/assets/products/152.webp,980.00 HKD,,preorder,new,RoyalSpl Florist,Fresh Flowers,鮮花
RSP-110,進口大麗花石斛蘭花束,大麗石斛 · 進口大麗花石斛蘭花束，精選進口大麗花，石斛蘭，配花，香港 RoyalSpl Florist 匠心製作。玫瑰花語「熱情與愛情」，花瓣飽滿層次豐富，散發層次豐富。高約55cm 寬約50cm，適合生日、紀念日、情人節、求婚等重要場合。預訂3天，新鮮進口花材直送香港，免費附送心意卡。,https://www.royalspl.shop/product-detail.html?id=153,https://www.royalspl.shop/assets/products/153.webp,1280.00 HKD,,preorder,new,RoyalSpl Florist,Fresh Flowers,鮮花
RSP-111,弗洛伊德經典 · 進口玫瑰鮮花束,弗洛伊德經典 · 進口玫瑰鮮花束，精選進口弗洛伊德玫瑰，配花，香港 RoyalSpl Florist 匠心製作。玫瑰花語「熱情與愛情」，花瓣飽滿層次豐富，散發濃郁玫瑰香。適合生日、紀念日、情人節、求婚等重要場合。預訂3天，新鮮進口花材直送香港，免費附送心意卡。,https://www.royalspl.shop/product-detail.html?id=154,https://www.royalspl.shop/assets/products/154.webp,790.00 HKD,,preorder,new,RoyalSpl Florist,Fresh Flowers,鮮花
RSP-112,微光 · 粉色鬱金香鮮花束,微光 · 粉色鬱金香鮮花束，精選粉色鬱金香，配花，香港 RoyalSpl Florist 匠心製作。玫瑰花語「熱情與愛情」，花瓣飽滿層次豐富，散發淡雅花香。適合生日、紀念日、情人節、求婚等重要場合。預訂3天，新鮮進口花材直送香港，免費附送心意卡。,https://www.royalspl.shop/product-detail.html?id=155,https://www.royalspl.shop/assets/products/155.webp,980.00 HKD,,preorder,new,RoyalSpl Florist,Fresh Flowers,鮮花
RSP-113,奧斯汀之約 · 進口奧斯汀玫瑰花束,奧斯汀之約 · 進口奧斯汀玫瑰花束，精選進口奧斯汀玫瑰，配花，香港 RoyalSpl Florist 匠心製作。玫瑰花語「熱情與愛情」，花瓣飽滿層次豐富，散發濃郁玫瑰香。適合生日、紀念日、情人節、求婚等重要場合。新鮮進口花材直送香港，免費附送心意卡。,https://www.royalspl.shop/product-detail.html?id=156,https://www.royalspl.shop/assets/products/156.webp,1080.00 HKD,,preorder,new,RoyalSpl Florist,Fresh Flowers,鮮花
RSP-114,厄瓜多爾之星 · 進口玫瑰花束,厄瓜多爾之星 · 進口玫瑰花束，精選進口厄瓜多爾玫瑰，配花，香港 RoyalSpl Florist 匠心製作。玫瑰花語「熱情與愛情」，花瓣飽滿層次豐富，散發濃郁玫瑰香。適合生日、紀念日、情人節、求婚等重要場合。預訂3天，新鮮進口花材直送香港，免費附送心意卡。,https://www.royalspl.shop/product-detail.html?id=157,https://www.royalspl.shop/assets/products/157.webp,890.00 HKD,,preorder,new,RoyalSpl Florist,Fresh Flowers,鮮花
RSP-115,大頭玫瑰 · 進口大朵玫瑰花束,大頭玫瑰 · 進口大朵玫瑰花束，精選進口大頭玫瑰，配花，香港 RoyalSpl Florist 匠心製作。玫瑰花語「熱情與愛情」，花瓣飽滿層次豐富，散發濃郁玫瑰香。適合生日、紀念日、情人節、求婚等重要場合。新鮮進口花材直送香港，免費附送心意卡。,https://www.royalspl.shop/product-detail.html?id=158,https://www.royalspl.shop/assets/products/158.webp,1280.00 HKD,,preorder,new,RoyalSpl Florist,Fresh Flowers,鮮花
RSP-049,【紫夢】19枝粉玫瑰日式鮮花束,【紫夢】19枝粉玫瑰日式鮮花束，由香港資深花藝師匠心設計。精選荷蘭進口粉玫瑰，搭配柔滿天星與尤加利葉，營造浪漫夢幻氛圍。無論是生日驚喜、紀念日慶祝，還是傳達心意，這束粉玫瑰都能為對方帶來滿滿感動。香港即日送貨，新鮮保證。香港花店|粉玫瑰花束|生日花束|即日鮮花速遞|情人節花禮,https://www.royalspl.shop/product-detail.html?id=248,https://www.royalspl.shop/assets/products/248.webp,580.00 HKD,,in stock,new,RoyalSpl Florist,Fresh Flowers,鮮花
RSP-050,【紫馨】19枝紫玫瑰日式鮮花束,【紫馨】19枝紫玫瑰日式鮮花束，優雅神秘的紫色調，傳達深深的愛慕與欣賞。精選進口紫玫瑰，搭配高級配花，層次豐富，氣質非凡。適合送給優雅獨立的她，或用於商務送禮、慶祝場合。香港頂級花店，新鮮花材每日直送。紫玫瑰花束|香港鮮花速遞|高級花禮|日式花藝|母親節推薦,https://www.royalspl.shop/product-detail.html?id=249,https://www.royalspl.shop/assets/products/249.webp,590.00 HKD,,in stock,new,RoyalSpl Florist,Fresh Flowers,鮮花
RSP-051,【粉夢】19枝粉玫瑰日式鮮花束,【粉夢】19枝粉玫瑰日式鮮花束，粉嫩柔和的粉色玫瑰，如初戀般甜蜜美好。精選頂級粉玫瑰，搭配白色滿天星，營造夢幻浪漫氛圍。生日、告白、紀念日的完美選擇，讓她感受到你滿滿的愛意。香港全區即日送貨。粉玫瑰花束|香港花店|生日禮物|情人節花束|浪漫驚喜,https://www.royalspl.shop/product-detail.html?id=250,https://www.royalspl.shop/assets/products/250.webp,580.00 HKD,,in stock,new,RoyalSpl Florist,Fresh Flowers,鮮花
RSP-052,【紅雪】日式鮮花束 鮮花花束｜香港花店速遞,【紅雪】日式鮮花束，熱情紅玫瑰與純白花朵的經典對比，如同冰雪中的烈火，強烈而動人。精選進口紅玫瑰，搭配白色配花，大氣時尚。適合告白、求婚、周年慶祝，傳達熾熱的愛意。香港即日送貨，新鮮保證。紅玫瑰花束|香港鮮花店|求婚花禮|浪漫花束|高級花藝,https://www.royalspl.shop/product-detail.html?id=251,https://www.royalspl.shop/assets/products/251.webp,680.00 HKD,,in stock,new,RoyalSpl Florist,Fresh Flowers,鮮花
RSP-053,【粉嫣】日式鮮花束 鮮花花束｜香港花店速遞,【粉嫣】日式鮮花束，嬌嫩粉色花朵層層綻放，如少女含羞的容顏。精選當季粉色花材，搭配綠意點綴，清新脫俗。適合生日、母親節、探望病人，傳達溫柔的祝福。香港專業花藝師設計，品質保證。粉色花束|香港花店|母親節禮物|生日花束|清新花藝,https://www.royalspl.shop/product-detail.html?id=252,https://www.royalspl.shop/assets/products/252.webp,680.00 HKD,,in stock,new,RoyalSpl Florist,Fresh Flowers,鮮花
RSP-054,【火狐】日式鮮花束 鮮花花束｜香港花店速遞,【火狐】日式鮮花束，熾熱的橙紅色調，如火焰般熱情奔放。精選進口橙色玫瑰與紅色花材，層次豐富，視覺衝擊力強。適合開張慶祝、喬遷之喜、鼓勵慰問，為對方帶來好運與能量。香港全區配送。橙色花束|香港鮮花速遞|開張花籃|喬遷禮物|熱情花藝,https://www.royalspl.shop/product-detail.html?id=253,https://www.royalspl.shop/assets/products/253.webp,690.00 HKD,,in stock,new,RoyalSpl Florist,Fresh Flowers,鮮花
RSP-055,【紅嫣】日式鮮花束 鮮花花束｜香港花店速遞,【紅嫣】日式鮮花束，深紅色玫瑰綻放著成熟嫵媚的氣質，如紅酒般醇厚迷人。精選頂級紅玫瑰，搭配暗紅色配花，高級感十足。適合周年慶、求婚、感謝恩師，傳達深刻的情感。香港頂級花店出品。紅玫瑰花束|香港高級花店|周年禮物|求婚花束|成熟花藝,https://www.royalspl.shop/product-detail.html?id=254,https://www.royalspl.shop/assets/products/254.webp,690.00 HKD,,in stock,new,RoyalSpl Florist,Fresh Flowers,鮮花
RSP-056,【藍雪】日式鮮花束 鮮花花束｜香港花店速遞,【藍雪】日式鮮花束，清新的藍白配色，如冬日初雪般純淨寧靜。精選藍色繡球與白色玫瑰，搭配銀色葉材，夢幻而別緻。適合送給氣質獨特的她，或用於安撫慰問、新生兒慶祝。香港即日送貨。藍色花束|香港花店|清新花藝|慰問花禮|獨特花束,https://www.royalspl.shop/product-detail.html?id=255,https://www.royalspl.shop/assets/products/255.webp,690.00 HKD,,in stock,new,RoyalSpl Florist,Fresh Flowers,鮮花
RSP-057,【藍馨】日式鮮花束 鮮花花束｜香港花店速遞,【藍馨】日式鮮花束，溫柔的藍紫色調，如清晨霧氣中的花園，寧靜而美好。精選藍色繡球、桔梗，搭配白色滿天星，層次豐富。適合生日、感謝、探病，傳達溫馨的祝福。香港專業花藝團隊。藍紫色花束|香港鮮花速遞|生日禮物|感謝花禮|溫馨花藝,https://www.royalspl.shop/product-detail.html?id=256,https://www.royalspl.shop/assets/products/256.webp,680.00 HKD,,in stock,new,RoyalSpl Florist,Fresh Flowers,鮮花
RSP-058,【紫嫣】日式鮮花束 鮮花花束｜香港花店速遞,【紫嫣】日式鮮花束，神秘高貴的紫色系，如薰衣草田般浪漫迷人。精選紫色玫瑰、桔梗、繡球，搭配綠意點綴，氣質非凡。適合送給優雅的女性長輩、上司，或用於慶祝特殊時刻。香港全區配送。紫色花束|香港高級花店|優雅花禮|母親節推薦|日式花藝,https://www.royalspl.shop/product-detail.html?id=257,https://www.royalspl.shop/assets/products/257.webp,680.00 HKD,,in stock,new,RoyalSpl Florist,Fresh Flowers,鮮花
RSP-059,【芳華】日式鮮花束 鮮花花束｜香港花店速遞,【芳華】日式鮮花束，豐富多彩的當季花材，如春日花園般燦爛奪目。精選多種進口花材，色彩和諧，層次分明。適合生日慶祝、開張賀禮、家居裝飾，為生活增添美好。香港新鮮花材每日直送。多彩花束|香港花店|生日花束|開張花禮|家居花藝,https://www.royalspl.shop/product-detail.html?id=258,https://www.royalspl.shop/assets/products/258.webp,690.00 HKD,,in stock,new,RoyalSpl Florist,Fresh Flowers,鮮花
RSP-060,【蘭馨】日式鬱金香鮮花束,【蘭馨】日式鬱金香鮮花束，優雅的荷蘭進口鬱金香，如春天的使者般帶來希望與美好。精選多色鬱金香，搭配高級配花，簡約時尚。適合生日、感謝、新居入伙，傳達純粹的祝福。香港即日送貨。鬱金香花束|香港鮮花店|進口花材|生日禮物|簡約花藝,https://www.royalspl.shop/product-detail.html?id=259,https://www.royalspl.shop/assets/products/259.webp,488.00 HKD,,in stock,new,RoyalSpl Florist,Fresh Flowers,鮮花
RSP-061,【雪萱】日式鮮花束 鮮花花束｜香港花店速遞,【雪萱】日式鮮花束，純白無瑕的花朵，如白雪般純淨高貴。精選白玫瑰、白桔梗，搭配銀色葉材，氣質脫俗。適合婚禮、洗禮、探病、悼念，傳達最純粹的心意。香港頂級花藝師設計。白色花束|香港花店|婚禮花禮|純淨花藝|高級花束,https://www.royalspl.shop/product-detail.html?id=260,https://www.royalspl.shop/assets/products/260.webp,460.00 HKD,,in stock,new,RoyalSpl Florist,Fresh Flowers,鮮花
RSP-062,【紫韻】 日式紫色桔梗鮮花束,【紫韻】日式紫色桔梗鮮花束，優雅的紫色桔梗，如詩如畫，傳達永恆的愛與誠實。精選進口紫色桔梗，搭配滿天星與尤加利，清新別緻。適合生日、紀念日、感謝，送給氣質出眾的她。香港全區即日送貨。紫色桔梗|香港鮮花速遞|優雅花束|生日禮物|日式花藝,https://www.royalspl.shop/product-detail.html?id=261,https://www.royalspl.shop/assets/products/261.webp,460.00 HKD,,in stock,new,RoyalSpl Florist,Fresh Flowers,鮮花
RSP-063,【露華】日式進口郁金香鮮花束,【露華】日式進口鬱金香鮮花束，清晨露珠般晶瑩剔透的鬱金香，帶來春天的氣息。精選荷蘭進口多色鬱金香，花型飽滿，色彩豔麗。適合生日、情人節、感謝，傳達美好祝願。香港頂級花店。進口鬱金香|香港花店|情人節花束|生日禮物|高級花藝,https://www.royalspl.shop/product-detail.html?id=262,https://www.royalspl.shop/assets/products/262.webp,460.00 HKD,,in stock,new,RoyalSpl Florist,Fresh Flowers,鮮花
RSP-064,【向阳】日式鮮花束 鮮花花束｜香港花店速遞,【向阳】日式鮮花束，燦爛的向日葵如小太陽般，帶來無限的溫暖與正能量。精選進口向日葵，搭配玫瑰與配花，活力四射。適合畢業、開張、鼓勵、生日，為對方帶來好心情。香港即日配送。向日葵花束|香港鮮花店|畢業禮物|開張花禮|正能量花藝,https://www.royalspl.shop/product-detail.html?id=263,https://www.royalspl.shop/assets/products/263.webp,480.00 HKD,,in stock,new,RoyalSpl Florist,Fresh Flowers,鮮花
RSP-065,【錦花】99枝玫瑰日式鮮花束,【錦花】99枝玫瑰日式鮮花束，99朵玫瑰代表天長地久的愛，是求婚與周年慶的極致浪漫。精選99枝頂級玫瑰，精心設計成巨大花束，震撼而感動。適合求婚、結婚周年、重大紀念日。香港頂級花店出品。99枝玫瑰花束|香港花店|求婚神器|周年禮物|極致浪漫,https://www.royalspl.shop/product-detail.html?id=264,https://www.royalspl.shop/assets/products/264.webp,998.00 HKD,,in stock,new,RoyalSpl Florist,Fresh Flowers,鮮花
RSP-066,【霞光】日式鮮花束 鮮花花束｜香港花店速遞,【霞光】日式鮮花束，溫暖的珊瑚橙與蜜桃粉色調，如夕陽霞光般迷人。精選進口玫瑰與季節性花材，色彩漸變層次豐富。適合生日、感謝、慶祝，傳達溫暖的心意。香港全區送貨。珊瑚色花束|香港鮮花速遞|生日花束|感謝禮物|溫暖花藝,https://www.royalspl.shop/product-detail.html?id=265,https://www.royalspl.shop/assets/products/265.webp,880.00 HKD,,in stock,new,RoyalSpl Florist,Fresh Flowers,鮮花
RSP-067,【紫藤】日式鮮花束 鮮花花束｜香港花店速遞,【紫藤】日式鮮花束預定，夢幻的紫色系花朵，如紫藤花瀑般浪漫。精選紫色繡球、桔梗、玫瑰，層層疊疊，意境優美。需提前預定，花藝師將為您精心挑選最新鮮的花材。香港專業花藝。紫色花束|香港花店|預定花禮|浪漫花藝|高級花束,https://www.royalspl.shop/product-detail.html?id=266,https://www.royalspl.shop/assets/products/266.webp,880.00 HKD,,in stock,new,RoyalSpl Florist,Fresh Flowers,鮮花
RSP-068,【紅代】日式鮮花束預定,【紅代】日式鮮花束預定，經典紅玫瑰，愛情永恆的象徵。精選頂級紅玫瑰，搭配高級配花，熱情而莊重。需提前預定，確保花材最新鮮。適合情人節、周年、求婚，傳達熾熱的愛。香港即日送貨。紅玫瑰花束|香港鮮花店|情人節推薦|求婚花禮|經典花藝,https://www.royalspl.shop/product-detail.html?id=267,https://www.royalspl.shop/assets/products/267.webp,888.00 HKD,,in stock,new,RoyalSpl Florist,Fresh Flowers,鮮花
RSP-069,【紫代】日式進口鮮花束預定,【紫代】日式進口鮮花束預定，稀有紫色進口花材，高貴而神秘。精選多種紫色進口花卉，搭配銀色葉材，氣質非凡。需提前預定，花藝師將為您挑選最珍稀的花材。適合送給重要的人。紫色進口花束|香港高級花店|預定花禮|珍稀花材|奢華花藝,https://www.royalspl.shop/product-detail.html?id=268,https://www.royalspl.shop/assets/products/268.webp,890.00 HKD,,in stock,new,RoyalSpl Florist,Fresh Flowers,鮮花
RSP-070,【愛代】日式鮮花束預定,【愛代】日式鮮花束預定，以愛為主題的浪漫花束，粉紅色調營造甜蜜氛圍。精選粉玫瑰、粉桔梗，搭配白色滿天星，如初戀般美好。需提前預定，確保最佳品質。適合告白、情人節、生日。香港花店。粉色花束|香港鮮花速遞|告白花禮|情人節推薦|浪漫花藝,https://www.royalspl.shop/product-detail.html?id=269,https://www.royalspl.shop/assets/products/269.webp,880.00 HKD,,in stock,new,RoyalSpl Florist,Fresh Flowers,鮮花
RSP-071,【游芳】日式進口鮮花束預定,【游芳】日式進口鮮花束預定，優雅的進口花材組合，如遊園賞芳般愉悅。精選多種進口季節性花卉，色彩和諧，設計獨特。需提前預定，花藝師將根據當季花材創作。適合商務送禮、家居裝飾。進口花束|香港花店|預定花禮|商務花藝|獨特設計,https://www.royalspl.shop/product-detail.html?id=270,https://www.royalspl.shop/assets/products/270.webp,888.00 HKD,,in stock,new,RoyalSpl Florist,Fresh Flowers,鮮花
RSP-072,【豐收】日式進口鮮花束預定,【豐收】日式進口鮮花束預定，豐盈的秋色系花朵，如豐收季節般喜慶。精選橙色、紅色、黃色進口花材，碩果累累的視覺感受。需提前預定。適合中秋、感恩節、喬遷、開張。香港全區配送。秋色花束|香港鮮花店|中秋花禮|喬遷禮物|喜慶花藝,https://www.royalspl.shop/product-detail.html?id=271,https://www.royalspl.shop/assets/products/271.webp,880.00 HKD,,in stock,new,RoyalSpl Florist,Fresh Flowers,鮮花
RSP-073,【千代】日式進口鮮花束預定,【千代】日式進口鮮花束預定，長壽之花千代蘭（菊花），寓意長長久久、健康長壽。精選進口菊花，搭配高級配花，端莊大氣。需提前預定。適合長輩生日、探病、祝壽，傳達美好祝願。香港頂級花店。菊花花束|香港花店|長輩生日|祝壽花禮|長壽寓意,https://www.royalspl.shop/product-detail.html?id=272,https://www.royalspl.shop/assets/products/272.webp,888.00 HKD,,in stock,new,RoyalSpl Florist,Fresh Flowers,鮮花
RSP-074,【紅火】日式進口鮮花束預定,【紅火】日式進口鮮花束預定，紅紅火火的紅色系花朵，寓意生意興隆、日子紅火。精選進口紅玫瑰、紅康乃馨，搭配金色葉材，喜慶大氣。需提前預定。適合開張、周年、春節。香港即日送貨。紅色花束|香港鮮花速遞|開張花禮|春節花束|喜慶花藝,https://www.royalspl.shop/product-detail.html?id=273,https://www.royalspl.shop/assets/products/273.webp,888.00 HKD,,in stock,new,RoyalSpl Florist,Fresh Flowers,鮮花
RSP-075,【胡姬】日式進口鮮花束預定,【胡姬】日式進口鮮花束預定，新加坡國花胡姬花（蘭花），高貴典雅，花期長久。精選進口胡姬蘭，搭配日式簡約配花，東西方美學融合。需提前預定。適合商務送禮、家居裝飾、感謝。香港高級花店。胡姬花束|香港花店|進口蘭花|商務花禮|長花期花藝,https://www.royalspl.shop/product-detail.html?id=274,https://www.royalspl.shop/assets/products/274.webp,888.00 HKD,,in stock,new,RoyalSpl Florist,Fresh Flowers,鮮花
RSP-076,【紅愛】日式鮮花束 鮮花花束｜香港花店速遞,【紅愛】日式鮮花束，熱情紅玫瑰傳達最熾熱的愛意，經典永不過時。精選頂級紅玫瑰，搭配滿天星，簡潔而有力。適合情人節、告白、周年，讓她感受到你滿滿的愛。香港全區配送。紅玫瑰花束|香港鮮花店|情人節花束|告白神器|經典浪漫,https://www.royalspl.shop/product-detail.html?id=275,https://www.royalspl.shop/assets/products/275.webp,680.00 HKD,,in stock,new,RoyalSpl Florist,Fresh Flowers,鮮花
RSP-077,【藍宮】日式鮮花束 鮮花花束｜香港花店速遞,【藍宮】日式鮮花束，神秘的深藍色調，如皇宮般高貴神秘。精選藍色繡球、藍色桔梗，搭配白色花朵，夢幻而別緻。適合送給氣質獨特的她，或用於特殊場合慶祝。香港即日送貨。藍色花束|香港花店|神秘花藝|獨特花束|高級設計,https://www.royalspl.shop/product-detail.html?id=276,https://www.royalspl.shop/assets/products/276.webp,580.00 HKD,,in stock,new,RoyalSpl Florist,Fresh Flowers,鮮花
RSP-078,【彩約】日式康乃馨鮮花束,【彩約】日式康乃馨鮮花束，五彩繽紛的康乃馨，傳達愛與感謝的繽紛心意。精選多色康乃馨，搭配玫瑰與配花，活潑溫馨。適合母親節、生日、感謝老師，傳達最真摯的祝福。香港專業花藝。康乃馨花束|香港鮮花速遞|母親節推薦|感謝禮物|溫馨花藝,https://www.royalspl.shop/product-detail.html?id=277,https://www.royalspl.shop/assets/products/277.webp,460.00 HKD,,in stock,new,RoyalSpl Florist,Fresh Flowers,鮮花
RSP-079,【嫣然】日式淡粉重瓣百合鮮花束,【嫣然】日式淡粉重瓣百合鮮花束，芬芳的重瓣百合，如美人嫣然一笑，傾國傾城。精選進口淡粉百合，搭配粉色玫瑰，香氣怡人。適合母親節、生日、周年，送給優雅的她。香港頂級花店。粉百合花束|香港花店|母親節禮物|芳香花束|優雅花藝,https://www.royalspl.shop/product-detail.html?id=278,https://www.royalspl.shop/assets/products/278.webp,490.00 HKD,,in stock,new,RoyalSpl Florist,Fresh Flowers,鮮花
RSP-081,【雪影】日式香檳玫瑰鮮花束,【雪影】日式香檳玫瑰鮮花束，高級香檳色玫瑰，如香檳酒般醇厚優雅。精選進口香檳玫瑰，搭配白色配花與銀色葉材，奢華感十足。適合婚禮、周年、商務送禮，傳達高級品味。香港高級花店。香檳玫瑰花束|香港花店|婚禮花禮|奢華花藝|高級品味,https://www.royalspl.shop/product-detail.html?id=280,https://www.royalspl.shop/assets/products/280.webp,780.00 HKD,,in stock,new,RoyalSpl Florist,Fresh Flowers,鮮花
RSP-082,【情詩】日式桃紅玫瑰大型鮮花束,【情詩】日式桃紅玫瑰大型鮮花束，熱情的桃紅色玫瑰，如一首熾熱的情詩，大聲說出我愛你。精選大量桃紅玫瑰，設計成大氣花束，視覺震撼。適合求婚、周年、重大表白。香港即日送貨。桃紅玫瑰花束|香港鮮花速遞|大型花束|求婚神器|浪漫情詩,https://www.royalspl.shop/product-detail.html?id=281,https://www.royalspl.shop/assets/products/281.webp,780.00 HKD,,in stock,new,RoyalSpl Florist,Fresh Flowers,鮮花
RSP-083,【夜馨】日式99枝紅玫瑰大型鮮花束,【夜馨】日式99枝紅玫瑰大型鮮花束，99朵紅玫瑰在夜色中綻放，香氣襲人，愛意濃濃。精選99枝頂級紅玫瑰，精心設計成巨大花束，是終極浪漫的代名詞。適合求婚、結婚周年。香港頂級花店。99枝紅玫瑰|香港花店|大型花束|求婚極致|終極浪漫,https://www.royalspl.shop/product-detail.html?id=282,https://www.royalspl.shop/assets/products/282.webp,1280.00 HKD,,in stock,new,RoyalSpl Florist,Fresh Flowers,鮮花
RSP-085,心事 · 進口芍藥牡丹小菊鮮花束,心事 · 進口芍藥牡丹小菊鮮花束，精選粉芍藥，粉小菊，粉蕾絲，白鼠尾草，香港 RoyalSpl Florist 匠心製作。芍藥花語「富貴與美麗」，花瓣層層疊疊如絲綢般柔軟，散發淡雅花香。適合生日、紀念日、母親節、探病等重要場合。預訂3天，新鮮進口花材直送香港，免費附送心意卡。,https://www.royalspl.shop/product-detail.html?id=303,https://www.royalspl.shop/assets/products/303.webp,1298.00 HKD,,in stock,new,RoyalSpl Florist,Fresh Flowers,鮮花
RSP-086,粉鳶 · 進口芍藥繡球鮮花束,粉鳶 · 進口芍藥繡球鮮花束XL，精選12枝粉芍藥，2枝粉繡球，淺紫色配花，香港 RoyalSpl Florist 匠心製作。芍藥花語「富貴與美麗」，花瓣層層疊疊如絲綢般柔軟，散發層次豐富。適合生日、紀念日、母親節、探病等重要場合。新鮮進口花材直送香港，免費附送心意卡。,https://www.royalspl.shop/product-detail.html?id=304,https://www.royalspl.shop/assets/products/304.webp,998.00 HKD,,in stock,new,RoyalSpl Florist,Fresh Flowers,鮮花
RSP-087,天使 · 7-12枝粉色進口芍藥鮮花,天使 · 7-12枝粉色進口芍藥鮮花，精選粉色進口芍藥7-12枝，香港 RoyalSpl Florist 匠心製作。芍藥花語「富貴與美麗」，花瓣層層疊疊如絲綢般柔軟，散發淡雅花香。，適合生日、紀念日、母親節、探病等重要場合。預訂3天，新鮮進口花材直送香港，免費附送心意卡。,https://www.royalspl.shop/product-detail.html?id=305,https://www.royalspl.shop/assets/products/305.webp,880.00 HKD,,in stock,new,RoyalSpl Florist,Fresh Flowers,鮮花
RSP-088,天使 · 進口芍藥牡丹鮮花抱抱桶,天使 · 進口芍藥牡丹鮮花抱抱桶，精選粉色芍藥，牡丹，香港 RoyalSpl Florist 匠心製作。芍藥花語「富貴與美麗」，花瓣層層疊疊如絲綢般柔軟，散發淡雅花香。高約40cm 寬約35cm，適合生日、紀念日、母親節、探病等重要場合。預訂3天，新鮮進口花材直送香港，免費附送心意卡。,https://www.royalspl.shop/product-detail.html?id=306,https://www.royalspl.shop/assets/products/306.webp,1198.00 HKD,,in stock,new,RoyalSpl Florist,Fresh Flowers,鮮花
RSP-089,粉粉 · 進口芍藥康乃馨鮮花束,粉粉 · 進口芍藥康乃馨鮮花束，精選粉色芍藥，單頭粉康乃馨，多頭粉康乃馨，粉掌，配草，香港 RoyalSpl Florist 匠心製作。芍藥花語「富貴與美麗」，花瓣層層疊疊如絲綢般柔軟，散發層次豐富。生日、紀念日、母親節、探病等重要場合。新鮮進口花材直送香港，免費附送心意卡。,https://www.royalspl.shop/product-detail.html?id=307,https://www.royalspl.shop/assets/products/307.webp,1280.00 HKD,,in stock,new,RoyalSpl Florist,Fresh Flowers,鮮花
RSP-090,粉白雙色 · 進口10枝芍藥鮮花,粉白雙色 · 進口10枝芍藥鮮花，精選5枝粉芍藥，5枝白芍藥，香港 RoyalSpl Florist 匠心製作。芍藥花語「富貴與美麗」，花瓣層層疊疊如絲綢般柔軟，散發清新淡雅。高約45cm 寬約40cm，適合生日、紀念日、母親節、探病等重要場合。預訂3天，新鮮進口花材直送香港，免費附送心意卡。,https://www.royalspl.shop/product-detail.html?id=308,https://www.royalspl.shop/assets/products/308.webp,1180.00 HKD,,in stock,new,RoyalSpl Florist,Fresh Flowers,鮮花
RSP-091,初雪 · 進口芍藥大麗花鮮花束XL,初雪 · 進口芍藥大麗花鮮花束XL，精選進口芍藥，大麗花，配花，香港 RoyalSpl Florist 匠心製作。芍藥花語「富貴與美麗」，花瓣層層疊疊如絲綢般柔軟，散發層次豐富。高約55cm 寬約50cm，適合生日、紀念日、母親節、探病等重要場合。預訂3天，新鮮進口花材直送香港，免費附送心意卡。,https://www.royalspl.shop/product-detail.html?id=309,https://www.royalspl.shop/assets/products/309.webp,1580.00 HKD,,in stock,new,RoyalSpl Florist,Fresh Flowers,鮮花
RSP-092,經典粉芍 · 9枝進口粉芍藥鮮花束,經典粉芍 · 9枝進口粉芍藥鮮花束，精選9枝進口粉芍藥，配花，香港 RoyalSpl Florist 匠心製作。芍藥花語「富貴與美麗」，花瓣層層疊疊如絲綢般柔軟，散發淡雅花香。，適合生日、紀念日、母親節、探病等重要場合。預訂3天，新鮮進口花材直送香港，免費附送心意卡。,https://www.royalspl.shop/product-detail.html?id=310,https://www.royalspl.shop/assets/products/310.webp,1290.00 HKD,,in stock,new,RoyalSpl Florist,Fresh Flowers,鮮花
RSP-093,春日禮盒 · 進口粉芍藥鬱金香禮盒,春日禮盒 · 進口粉芍藥鬱金香禮盒，精選進口粉芍藥，鬱金香，配花，香港 RoyalSpl Florist 匠心製作。芍藥花語「富貴與美麗」，花瓣層層疊疊如絲綢般柔軟，散發層次豐富。高約45cm 寬約45cm，適合生日、紀念日、母親節、探病等重要場合。預訂3天，新鮮進口花材直送香港，免費附送心意卡。,https://www.royalspl.shop/product-detail.html?id=311,https://www.royalspl.shop/assets/products/311.webp,1380.00 HKD,,in stock,new,RoyalSpl Florist,Fresh Flowers,鮮花
RSP-094,純淨粉芍 · 進口粉芍藥鮮花束,純淨粉芍 · 進口粉芍藥鮮花束，精選進口粉芍藥，配花，香港 RoyalSpl Florist 匠心製作。芍藥花語「富貴與美麗」，花瓣層層疊疊如絲綢般柔軟，散發淡雅花香。高約50cm 寬約45cm，適合生日、紀念日、母親節、探病等重要場合。預訂3天，新鮮進口花材直送香港，免費附送心意卡。,https://www.royalspl.shop/product-detail.html?id=312,https://www.royalspl.shop/assets/products/312.webp,1290.00 HKD,,in stock,new,RoyalSpl Florist,Fresh Flowers,鮮花
RSP-095,粉鬱幽香 · 進口粉芍藥鬱金香花束,粉鬱幽香 · 進口粉芍藥鬱金香花束，精選5枝粉芍藥，粉鬱金香，玫瑰，配花，香港 RoyalSpl Florist 匠心製作。芍藥花語「富貴與美麗」，花瓣層層疊疊如絲綢般柔軟，散發層次豐富。高約45cm 寬約40cm，適合生日、紀念日、母親節、探病等重要場合。預訂3天，新鮮進口花材直送香港，免費附送心意卡。,https://www.royalspl.shop/product-detail.html?id=313,https://www.royalspl.shop/assets/products/313.webp,888.00 HKD,,in stock,new,RoyalSpl Florist,Fresh Flowers,鮮花
RSP-096,純白之美 · 進口白芍藥鮮花束,純白之美 · 進口白芍藥鮮花束，精選9枝白芍藥，桔梗，配草，香港 RoyalSpl Florist 匠心製作。芍藥花語「富貴與美麗」，花瓣層層疊疊如絲綢般柔軟，散發清新淡雅。高約50cm 寬約45cm，適合生日、紀念日、母親節、探病等重要場合。預訂3天，新鮮進口花材直送香港，免費附送心意卡。,https://www.royalspl.shop/product-detail.html?id=314,https://www.royalspl.shop/assets/products/314.webp,1380.00 HKD,,in stock,new,RoyalSpl Florist,Fresh Flowers,鮮花
RSP-098,春序 · 進口粉芍藥鬱金香鮮花束,春序 · 進口粉芍藥鬱金香鮮花束，精選11枝粉芍藥，鬱金香，噴泉草，香港 RoyalSpl Florist 匠心製作。芍藥花語「富貴與美麗」，花瓣層層疊疊如絲綢般柔軟，散發層次豐富。適合生日、紀念日、母親節、探病等重要場合。預訂3天，新鮮進口花材直送香港，免費附送心意卡。,https://www.royalspl.shop/product-detail.html?id=316,https://www.royalspl.shop/assets/products/316.webp,1280.00 HKD,,in stock,new,RoyalSpl Florist,Fresh Flowers,鮮花
RSP-100,雲煙 · 進口白色芍藥鮮花束,雲煙 · 進口白色芍藥鮮花束，精選進口白色芍藥，配花，香港 RoyalSpl Florist 匠心製作。芍藥花語「富貴與美麗」，花瓣層層疊疊如絲綢般柔軟，散發清新淡雅。高約55cm 寬約45cm，適合生日、紀念日、母親節、探病等重要場合。預訂3天，新鮮進口花材直送香港，免費附送心意卡。,https://www.royalspl.shop/product-detail.html?id=318,https://www.royalspl.shop/assets/products/318.webp,1298.00 HKD,,in stock,new,RoyalSpl Florist,Fresh Flowers,鮮花
RSP-116,水果玫瑰 · 厄瓜多爾進口玫瑰花束,水果玫瑰 · 厄瓜多爾進口玫瑰花束，精選進口厄瓜多爾水果玫瑰，配花，香港 RoyalSpl Florist 匠心製作。玫瑰花語「熱情與愛情」，花瓣飽滿層次豐富，散發清甜果香。適合生日、紀念日、情人節、求婚等重要場合。預訂3天，新鮮進口花材直送香港，免費附送心意卡。,https://www.royalspl.shop/product-detail.html?id=319,https://www.royalspl.shop/assets/products/319.webp,990.00 HKD,,preorder,new,RoyalSpl Florist,Fresh Flowers,鮮花
RSP-117,永恆之約 · 婚禮商務酒會鮮花佈置,永恆之約 · 婚禮商務酒會鮮花佈置，精選進口鮮花，玫瑰，百合，配花，葉材，香港 RoyalSpl Florist 匠心製作。新娘手捧花是婚禮上最耀眼的點綴，花語「永恆的愛與幸福」，花瓣嬌嫩動人，散發優雅花香。依現場尺寸定制，適合婚禮、拍照、證婚等重要場合。預訂3天，新鮮進口花材直送香港，免費附送心意卡。,https://www.royalspl.shop/product-detail.html?id=320,https://www.royalspl.shop/assets/products/320.webp,9800.00 HKD,,in stock,new,RoyalSpl Florist,Fresh Flowers,鮮花
RSP-118,純白之戀 · 蝴蝶蘭白馬蹄蓮白鬱金香手捧花,純白之戀蝴蝶蘭白馬蹄蓮白鬱金香手捧花，精選進口蝴蝶蘭、白馬蹄蓮與白鬱金香，純白高雅的組合如初雪般純淨動人。香港花店匠心製作，適合純白主題婚禮。預訂3天，新鮮進口花材直送香港，免費附送心意卡，全港鮮花速遞，是夢幻純白婚禮的完美之選。,https://www.royalspl.shop/product-detail.html?id=321,https://www.royalspl.shop/assets/products/321.webp,1388.00 HKD,,in stock,new,RoyalSpl Florist,Fresh Flowers,鮮花
RSP-119,垂墜之美 · 蝴蝶蘭玫瑰文竹莧菜手捧花,垂墜之美蝴蝶蘭玫瑰文竹莧菜手捧花，精選進口蝴蝶蘭、玫瑰、文竹與莧菜，優雅的垂墜式設計如瀑布般流暢動人。香港花店匠心製作，適合浪漫奢華婚禮。預訂3天，新鮮進口花材直送香港，免費附送心意卡，全港鮮花速遞，是高端婚禮的優雅之選。,https://www.royalspl.shop/product-detail.html?id=322,https://www.royalspl.shop/assets/products/322.webp,1380.00 HKD,,in stock,new,RoyalSpl Florist,Fresh Flowers,鮮花
RSP-120,翠影 · 白玫瑰新娘手捧花,翠影白玫瑰新娘手捧花，精選進口白玫瑰與綠葉材，簡約純淨的設計如翠影般清雅脫俗。香港花店匠心製作，花語「純潔的愛與永恆」，適合簡約風格婚禮。預訂3天，新鮮進口花材直送香港，免費附送心意卡，全港鮮花速遞，是簡約婚禮的經典之選。,https://www.royalspl.shop/product-detail.html?id=323,https://www.royalspl.shop/assets/products/323.webp,780.00 HKD,,in stock,new,RoyalSpl Florist,Fresh Flowers,鮮花
RSP-121,粉甜之約 · 粉玫瑰粉繡球婚禮手捧花,粉甜之約粉玫瑰粉繡球婚禮手捧花，精選粉色玫瑰與粉色繡球花，甜美浪漫的粉色組合如初戀般動人。香港花店匠心製作，適合粉色主題婚禮。預訂3天，新鮮進口花材直送香港，免費附送心意卡，全港鮮花速遞，是夢幻粉色婚禮的甜蜜之選。,https://www.royalspl.shop/product-detail.html?id=324,https://www.royalspl.shop/assets/products/324.webp,780.00 HKD,,in stock,new,RoyalSpl Florist,Fresh Flowers,鮮花
RSP-122,暖眸 · 周年紀念商務祝福小花束,暖眸周年紀念商務祝福小花束，精選玫瑰、百合與尤加利葉，溫暖人心的小巧花束，適合商務送禮、周年紀念、祝福致意。香港花店RoyalSpl Florist匠心製作，新鮮進口花材直送，全港鮮花速遞，免費附送心意卡，是傳達溫暖祝福的完美選擇。,https://www.royalspl.shop/product-detail.html?id=325,https://www.royalspl.shop/assets/products/325.webp,268.00 HKD,,in stock,new,RoyalSpl Florist,Fresh Flowers,鮮花
RSP-123,天作之合 · 結婚花球新郎襟花套裝,天作之合結婚花球新郎襟花套裝，精選進口玫瑰與綠葉材，經典簡約的設計適合各種婚禮主題。套裝含新娘花球及新郎襟花，香港花店匠心製作。預訂3天，新鮮進口花材直送香港，免費附送心意卡，全港鮮花速遞，是婚禮花藝的高性價比經典之選。,https://www.royalspl.shop/product-detail.html?id=326,https://www.royalspl.shop/assets/products/326.webp,680.00 HKD,,in stock,new,RoyalSpl Florist,Fresh Flowers,鮮花
RSP-124,蝶舞花間 · 蝴蝶蘭玫瑰紫羅蘭莧菜手捧花,蝶舞花間蝴蝶蘭玫瑰紫羅蘭莧菜手捧花，精選進口蝴蝶蘭、玫瑰、紫羅蘭與莧菜，垂墜式設計優雅動人，如蝴蝶在花間翩翩起舞。香港花店匠心製作，適合浪漫婚禮。預訂3天，新鮮進口花材直送香港，免費附送心意卡，全港鮮花速遞，是紫色主題婚禮的夢幻之選。,https://www.royalspl.shop/product-detail.html?id=327,https://www.royalspl.shop/assets/products/327.webp,1380.00 HKD,,in stock,new,RoyalSpl Florist,Fresh Flowers,鮮花
RSP-125,香檳之夢 · 進口芍藥香檳奧斯汀玫瑰套裝,香檳之夢進口芍藥香檳奧斯汀玫瑰套裝，精選進口芍藥、香檳色奧斯汀玫瑰，奢華優雅的組合如香檳般醉人。套裝含新娘花球及新郎襟花，香港花店匠心製作。預訂3天，新鮮進口花材直送香港，免費附送心意卡，全港鮮花速遞，適合高端優雅主題婚禮。,https://www.royalspl.shop/product-detail.html?id=328,https://www.royalspl.shop/assets/products/328.webp,1880.00 HKD,,in stock,new,RoyalSpl Florist,Fresh Flowers,鮮花
RSP-126,粉霧之戀 · 粉繡球玫瑰手捧花襟花套裝,粉霧之戀粉繡球玫瑰手捧花襟花套裝，精選粉色繡球花與玫瑰，柔美的粉霧色調營造浪漫婚禮氛圍。套裝含新娘花球及新郎襟花，香港花店匠心製作。預訂3天，新鮮進口花材直送香港，免費附送心意卡，全港鮮花速遞，是粉色主題婚禮的高性價比之選。,https://www.royalspl.shop/product-detail.html?id=329,https://www.royalspl.shop/assets/products/329.webp,680.00 HKD,,in stock,new,RoyalSpl Florist,Fresh Flowers,鮮花
RSP-127,詩意白紗 · 蝴蝶蘭文竹白色吊米手捧花,詩意白紗蝴蝶蘭文竹白色吊米手捧花，精選進口蝴蝶蘭、文竹與白色吊米，絲帶花束設計優雅飄逸，如詩如畫的純白浪漫。香港花店匠心製作，適合純白主題婚禮。預訂3天，新鮮進口花材直送香港，免費附送心意卡，全港鮮花速遞，營造夢幻婚禮氛圍。,https://www.royalspl.shop/product-detail.html?id=330,https://www.royalspl.shop/assets/products/330.webp,1280.00 HKD,,in stock,new,RoyalSpl Florist,Fresh Flowers,鮮花
RSP-128,熱烈之愛 · 紅玫瑰紅豆新娘手捧花,熱烈之愛紅玫瑰紅豆新娘手捧花，嚴選進口紅玫瑰搭配寓意相思牽掛的紅豆，熾熱紅色演繹濃烈真摯的愛情。由香港 RoyalSpl Florist 匠心打造，非常適合中式婚禮、簽紙證婚、裙褂造型。進口鮮花新鮮直送香港，免費附送心意卡，提供全港鮮花速遞服務，是香港傳統婚禮熱選新娘花球。,https://www.royalspl.shop/product-detail.html?id=331,https://www.royalspl.shop/assets/products/331.webp,780.00 HKD,,in stock,new,RoyalSpl Florist,Fresh Flowers,鮮花
RSP-129,春日圓舞曲 · 鬱金香蝴蝶蘭乒乓球手捧花,春日圓舞曲鬱金香蝴蝶蘭乒乓球手捧花，精選進口鬱金香、蝴蝶蘭與乒乓球菊，清新優雅的組合如春日華爾滋般動人。香港花店匠心製作，花語「永恆的愛與幸福」。預訂3天，新鮮進口花材直送香港，免費附送心意卡，全港鮮花速遞，適合春季婚禮。,https://www.royalspl.shop/product-detail.html?id=332,https://www.royalspl.shop/assets/products/332.webp,1380.00 HKD,,in stock,new,RoyalSpl Florist,Fresh Flowers,鮮花
RSP-130,粉蝶輕舞 · 淺粉玫瑰蝴蝶蘭洋桔梗手捧花,粉蝶輕舞淺粉玫瑰蝴蝶蘭洋桔梗手捧花，精選淺粉玫瑰、進口蝴蝶蘭與白色洋桔梗，輕盈柔美如蝴蝶在花間起舞。香港花店匠心製作，粉色浪漫適合夢幻婚禮。預訂3天，新鮮進口花材直送香港，免費附送心意卡，全港鮮花速遞，是粉色主題婚禮的完美選擇。,https://www.royalspl.shop/product-detail.html?id=333,https://www.royalspl.shop/assets/products/333.webp,1388.00 HKD,,in stock,new,RoyalSpl Florist,Fresh Flowers,鮮花
RSP-131,海洋之心 · 戴安娜玫瑰海洋之歌手捧花套裝,海洋之心戴安娜玫瑰海洋之歌手捧花套裝，精選戴安娜玫瑰、海洋之歌玫瑰、繡球花與洋桔梗，夢幻紫色調營造浪漫婚禮氛圍。套裝含新娘花球及新郎襟花，香港花店匠心製作。預訂3天，新鮮進口花材直送，全港鮮花速遞，適合紫色主題婚禮。,https://www.royalspl.shop/product-detail.html?id=334,https://www.royalspl.shop/assets/products/334.webp,680.00 HKD,,in stock,new,RoyalSpl Florist,Fresh Flowers,鮮花
RSP-132,猩紅擁抱 · 紅玫瑰新娘手捧花,猩紅擁抱紅玫瑰新娘手捧花，精選進口紅玫瑰，搭配綠葉材，熱情奔放的猩紅色傳達熾熱愛意。香港花店RoyalSpl Florist匠心製作，花語「永恆的愛與幸福」，適合中式婚禮、證婚、拍照。預訂3天，新鮮進口花材直送香港，免費附送心意卡，全港速遞。,https://www.royalspl.shop/product-detail.html?id=335,https://www.royalspl.shop/assets/products/335.webp,780.00 HKD,,in stock,new,RoyalSpl Florist,Fresh Flowers,鮮花
RSP-133,日式永生玫瑰花-M0029,日式永生玫瑰花-M0029，精選5枝進口白永生玫瑰，經過專業工藝處理，保留自然質感與色澤，象徵恆久不變的心意。香港花店RoyalSpl Florist匠心製作，精緻簡約風格，適合初次見面、生日、日常送禮。不需澆水護理，可長時間珍藏，全港鮮花速遞。,https://www.royalspl.shop/product-detail.html?id=336,https://www.royalspl.shop/assets/products/336.webp,680.00 HKD,,in stock,new,RoyalSpl Florist,Fresh Flowers,鮮花
RSP-134,日式永生玫瑰花-M0026,日式永生玫瑰花-M0026，精選5枝進口藍永生玫瑰，夢幻藍調如星空般深邃迷人，經過專業工藝處理可長時間珍藏。香港花店匠心製作，精緻簡約風格，適合生日、情人節、周年紀念送禮。不需澆水護理，象徵恆久不變的愛意，全港速遞。,https://www.royalspl.shop/product-detail.html?id=337,https://www.royalspl.shop/assets/products/337.webp,680.00 HKD,,in stock,new,RoyalSpl Florist,Fresh Flowers,鮮花
RSP-135,日式永生玫瑰花束 鮮花花束｜香港花店速遞,日式永生玫瑰花束，精選5枝進口永生粉玫瑰，柔美粉色調如初戀般甜蜜動人，經過專業工藝處理保留自然質感。香港花店RoyalSpl Florist匠心製作，精緻簡約風格，適合生日、情人節、母親節送禮。不需澆水護理，可長時間珍藏，全港鮮花速遞。,https://www.royalspl.shop/product-detail.html?id=338,https://www.royalspl.shop/assets/products/338.webp,780.00 HKD,,in stock,new,RoyalSpl Florist,Fresh Flowers,鮮花
RSP-136,日式永生花束-5枝紅玫瑰,日式永生花束-5枝紅玫瑰，精選5枝永生真花紅玫瑰，熱情奔放的紅色傳達熾熱愛意，經過專業工藝處理可長時間珍藏。香港花店匠心製作，精緻簡約風格，適合情人節、求婚、周年紀念、生日送禮。不需澆水護理，象徵永恆的愛與激情，全港速遞。,https://www.royalspl.shop/product-detail.html?id=339,https://www.royalspl.shop/assets/products/339.webp,680.00 HKD,,in stock,new,RoyalSpl Florist,Fresh Flowers,鮮花
